{"nodes":{"node:1050":{"location":{"x":66,"y":45}},"node:1056":{"location":{"x":-111,"y":133}},"node:1067":{"location":{"x":428,"y":141}},"node:1093":{"location":{"x":380,"y":-59}},"node:1119":{"location":{"x":807,"y":-47}},"node:1145":{"location":{"x":855,"y":160}},"node:1171":{"location":{"x":200,"y":11}},"node:1197":{"location":{"x":152,"y":-195}},"node:1223":{"location":{"x":444,"y":-27}},"node:1249":{"location":{"x":492,"y":178}},"node:1275":{"location":{"x":672,"y":108}},"node:1301":{"location":{"x":720,"y":308}}},"selection":null,"view":{"scroll":{"x":-302.579986572265625,"y":-290.597320556640625},"visible_rect":{"max":{"x":1201.936279296875,"y":597.12225341796875},"min":{"x":-242.06402587890625,"y":-232.477890014648438}},"zoom":1.2499997615814209}}